13.229707940000003,-36.26210800000001,-4.1813410000000015
13.26627721014658,-36.25851442713652,-4.180266783813074
13.44868420162402,-36.24058975623517,-4.174908611363812
13.666453540655835,-36.21919022086759,-4.1685116898541725
13.883072414105436,-36.19791936305335,-4.162153406152337
14.098372288451973,-36.17677773837024,-4.155833691798218
14.312440430390556,-36.15576488770941,-4.1495524939679
14.525295068687356,-36.134880662388056,-4.143309762039303
14.736954456803417,-36.11412494172768,-4.13710545030918
14.9474368705006,-36.09349763241318,-4.13093951787227
15.156760605475592,-36.07299866785009,-4.1248119284991
15.364943975021149,-36.052628007519544,-4.1187226505124785
15.572005307714587,-36.03238563633187,-4.112671656662733
15.777962945132678,-36.01227156397803,-4.106658924001667
15.982835239593184,-35.99228582427969,-4.100684433755306
16.186640551921823,-35.97242847453748,-4.0947481711954286
16.38939724924494,-35.95269959487805,-4.0888501255099445
16.591123702807877,-35.93309928759956,-4.082990289672077
16.791838285816645,-35.9136276765161,-4.077168660308508
16.991559371306433,-35.894284906300726,-4.071385237566335
17.19030533003146,-35.87507114182761,-4.065640024979052
17.388094528380172,-35.85598656751325,-4.059933029331464
17.584945326316433,-35.83703138665645,-4.054264260523538
17.780876075335758,-35.81820582077832,-4.048633731433472
17.97590511645616,-35.79951010896056,-4.0430414577795375
18.170050778220137,-35.78094450718426,-4.037487457981317
18.36333137472718,-35.76250928766743,-4.031971753019823
18.5557652036849,-35.74420473820251,-4.02649436629688
18.747370544477953,-35.72603116149413,-4.021055323493807
18.93816565627205,-35.70798887449516,-4.015654652428893
19.128168776115356,-35.6900782077453,-4.010292382914866
19.31739811708997,-35.672299504706814,-4.00496854661475
19.505871866460037,-35.65465312110262,-3.9996831768977663
19.693608183847648,-35.637139424254215,-3.9944363086943575
19.88062519944246,-35.61975879241843,-3.989227978350196
20.06694101219901,-35.60251161412797,-3.9840582234805715
20.25257368809879,-35.585398287528015,-3.9789270828228642
20.437541258384492,-35.568419219718265,-3.9738345960899455
20.62186171784745,-35.5515748260924,-3.968780803822053
20.805553023118886,-35.534865529679934,-3.96376574723868
20.98863309098455,-35.51829176048858,-3.958789468089915
21.171119796714596,-35.501853954848215,-3.9538520085074955
21.35303097241511,-35.485552554755586,-3.94895341085541
21.534384405395237,-35.46938800722055,-3.944093717580258
21.71519783654474,-35.453360763614725,-3.939272971061584
21.895488958761923,-35.43747127901818,-3.9344912134609555
22.075275415334822,-35.42172001157416,-3.929748486572735
22.254574798427228,-35.406107421837085,-3.925044831672136
22.433404647472518,-35.390633972132896,-3.9203802893662796
22.61178244771834,-35.37530012590831,-3.915754899441256
22.789725628643808,-35.3601063470963,-3.911168700713332
22.967251562503467,-35.34505309947278,-3.9066217308768634
23.14437756285981,-35.33014084601831,-3.902114026353013
23.321120883048206,-35.31537004829037,-3.897645622140966
23.497498714838677,-35.3007411657803,-3.893216551663867
23.673528186888966,-35.28625465529478,-3.8888268466214457
23.849226363411127,-35.2719109703205,-3.8844765368369485
24.024610242735303,-35.257710560403254,-3.8801656501077004
24.199696755900447,-35.24365387052857,-3.8758942120554964
24.37450276532812,-35.229741340498656,-3.871662245975211
24.54904506342729,-35.21597340432053,-3.867469772686122
24.723340371274126,-35.202350489591446,-3.8633168103817623
24.897405337242525,-35.18887301689368,-3.859203374481924
25.071256535768264,-35.17554139918081,-3.855129477481513
25.24491046588663,-35.16235604119121,-3.851095128806862
25.418383550194545,-35.14931733882461,-3.8471003346603885
25.59169213330498,-35.13642567857333,-3.8431450978809734
25.764852480739687,-35.12368143691563,-3.839229417792387
25.937880777675915,-35.1110849797283,-3.8353532900568506
26.11079312763875,-35.0986366617098,-3.8315167065311297
26.28360555136032,-35.08633682579227,-3.8277196551186825
26.456333985425648,-35.07418580257959,-3.8239621196290106
26.628994281325948,-35.062183909750985,-3.820244079626078
26.801602203905677,-35.05033145152931,-3.8165655102954927
26.974173430575267,-35.03862871807987,-3.8129263822903083
27.1467235498704,-35.02707598497879,-3.8093266615970323
27.319268060359782,-35.015673512652796,-3.8057663093924954
27.491822369607252,-35.00442154581933,-3.80224528190026
27.664401792911317,-34.99332031295432,-3.79876353025468
27.83702155220597,-34.98237002574981,-3.7953210003613744
28.00969677505259,-34.971570878568514,-3.7919176327562463
28.182442493403858,-34.96092304792681,-3.7885533624723484
28.355273642593172,-34.95042669196133,-3.785228118901396
28.52820506019874,-34.94008194991412,-3.781941825660172
28.701251485054225,-34.92988894160945,-3.7786944004539573
28.874427556150696,-34.91984776694736,-3.775485754944382
29.047747811452165,-34.909958505412035,-3.772315794621153
29.221226687175957,-34.90022121554078,-3.7691844186615167
29.394878516390158,-34.890635934466324,-3.766091519811045
29.568717528198352,-34.88120267740788,-3.7630369842486266
29.74275784675663,-34.8719214371852,-3.7600206914577803
29.917013490075327,-34.86279218376019,-3.7570425141056734
30.091498369247866,-34.85381486374314,-3.754102317911094
30.266226287302597,-34.8449893999426,-3.751199961524919
30.441210938231816,-34.836315690904534,-3.7483352964068883
30.61646590613136,-34.82779361044738,-3.745508166700657
30.792004664071374,-34.819423007230135,-3.7427184091182157
30.967840573348816,-34.81120370429004,-3.7399658528147453
31.143986882274334,-34.80313549863248,-3.7372503192785973
31.320456725375887,-34.79521816078723,-3.734571622210721
31.49726312256895,-34.787451434374915,-3.7319295674066937
31.674418977983887,-34.77983503571401,-3.72932395265036
31.851937079235714,-34.77236865339148,-3.726754567596221
32.029830096394086,-34.765051947870305,-3.724221193662279
32.20811058102796,-34.75788455109626,-3.721723603922327
32.38679096566112,-34.750866066072426,-3.7192615629880774
32.565883562242554,-34.74399606653672,-3.7168348269216462
32.74540056193096,-34.737274096518675,-3.7144431431115597
32.92535403365982,-34.73069967002253,-3.7120862501860428
33.10575592353389,-34.724272270636675,-3.7097638779038924
33.28661805405611,-34.717991351167036,-3.7074757470521322
33.467952122853774,-34.7118563333269,-3.7052215693600496
33.64976970235351,-34.70586660734178,-3.7030010473875294
33.83208223835874,-34.700021531668774,-3.700813874447137
34.01490104962916,-34.6943204326261,-3.698659734499046
34.19823732694905,-34.68876260408004,-3.6965383020627045
34.38210213191739,-34.68334730716673,-3.6944492421385178
34.566506396842385,-34.67807376991436,-3.6923922100995044
34.75146092293588,-34.67294118703852,-3.690366851634191
34.936976380553446,-34.66794871954651,-3.6883728026322653
35.123063307469735,-34.663095494540805,-3.686409689129203
35.30973210843373,-34.658380604905766,-3.684477127215824
35.49699305464602,-34.65380310901038,-3.6825747229522623
35.684856282088056,-34.64936203053032,-3.6807020723172297
35.87333179189939,-34.6450563580793,-3.6788587611001367
36.06242944850977,-34.64088504506691,-3.6770443648603726
36.252158979321486,-34.63684700941366,-3.675258448843847
36.44252997383076,-34.632941133329325,-3.6735005679180124
36.63355188327894,-34.629166263047885,-3.6717702664937724
36.825234018762806,-34.625521208720386,-3.6700670784941667
37.01758555153453,-34.62200474410394,-3.6683905272620505
37.21061551203765,-34.61861560638182,-3.6667401255066387
37.40433278808065,-34.61535249607546,-3.6651153752771717
37.59874612606383,-34.61221407666951,-3.6635157678509045
37.79386412800212,-34.60919897465251,-3.6619407837447064
37.989695252226944,-34.60630577921011,-3.66038989262294
38.18624781234284,-34.603533042095904,-3.658862553258122
38.38352997595141,-34.6008792775338,-3.6573582135007277
38.581549764625734,-34.59834296200788,-3.6558763102154064
38.7803150524001,-34.59592253420514,-3.6544162692625237
38.97983356567122,-34.59361639483046,-3.652977505441539
39.18011288209067,-34.591422906528145,-3.6515594224660046
39.38116043008502,-34.58934039375203,-3.6501614129231057
39.58298348778788,-34.58736714270134,-3.6487828582526936
39.78558918220487,-34.5855014012431,-3.6474231287222443
39.98898448944002,-34.58374137874161,-3.6460815833740656
40.193176232729165,-34.58208524610881,-3.6447575700381463
40.39817108222653,-34.580531135694436,-3.643450425297344
40.60397555483102,-34.57907714118225,-3.6421594744543113
40.81059601239299,-34.57772131765159,-3.64088403154756
41.01803866171381,-34.57646168147551,-3.63962339931896
41.226309554132435,-34.57529621026866,-3.6383768691959903
41.43541458353245,-34.57422284299652,-3.6371437213220053
41.645359487375565,-34.57323947980314,-3.6359232245028363
41.85614984451639,-34.572343982158344,-3.634714636248424
42.067791075188055,-34.571534172805784,-3.6335172027552898
42.280288440529,-34.57080783576511,-3.6323301589051793
42.49364704118602,-34.57016271643268,-3.6311527282930944
42.707871817580774,-34.56959652153263,-3.6299841232109213
42.922967547838915,-34.56910691930214,-3.628823544700802
43.13893884933122,-34.568691539340314,-3.627670182508686
43.355790174982104,-34.56834797296911,-3.6265232151901525
43.57352581581805,-34.568073773006,-3.6253818100416346
43.79214989796889,-34.567866454078995,-3.62424512319293
44.01166638256483,-34.56772349267377,-3.623112299620353
44.232079066576866,-34.56764232710174,-3.621982473136594
44.45339157947665,-34.56762035787821,-3.620854766502593
44.67560738520511,-34.5676549476029,-3.6197282913919016
44.898729779745494,-34.56774342127201,-3.6186021484834177
45.12276189175163,-34.56788306630839,-3.6174754274706893
45.34770668078398,-34.568071132831044,-3.6163472071426024
45.573566937418725,-34.5683048337564,-3.615216555414399
45.800345283315444,-34.56858134491473,-3.614082529363517
46.02804416853389,-34.56889780543956,-3.612944175346777
46.25666587317031,-34.56925131775581,-3.6118005289989026
46.48621250543927,-34.56963894791828,-3.610650615335296
46.71668600143731,-34.57005772580056,-3.6094934488108548
46.94808812536639,-34.57050464525139,-3.6083280333695558
47.18042046693092,-34.5709766645312,-3.6071533625775136
47.41368444359269,-34.57147070629739,-3.605968419622708
47.6478812974454,-34.57198365811316,-3.604772177470357
47.88301209606347,-34.572512372588996,-3.603563598909893
48.11907773238103,-34.57305366762851,-3.6023416366333456
48.356078922466594,-34.5736043268853,-3.601105233376735
48.59401620680436,-34.57416109989789,-3.5998533219666746
48.83288994878869,-34.574720702501494,-3.5985848254494464
49.07270033431266,-34.57527981714694,-3.5972986571931798
49.31344737226956,-34.57583509314511,-3.595993720968509
49.55513089223996,-34.576383147189574,-3.5946689111122296
49.7977505458276,-34.57692056354514,-3.5933231125926413
50.04130580561266,-34.57744389447439,-3.591955201145925
50.285795963610944,-34.57794966072221,-3.59056404343036
50.531220133729754,-34.57843435163443,-3.5891484970729217
50.77757724734066,-34.578894425939474,-3.587707410912672
51.02486605661157,-34.57932631180776,-3.5862396250312423
51.273085132300054,-34.57972640744774,-3.5847439709426654
51.52223286236919,-34.58009108163489,-3.5832192717641727
51.77230745544114,-34.58041667379727,-3.581664342256556
52.02330693543117,-34.58069949494521,-3.580077989114827
52.275229144962985,-34.58093582778405,-3.5784590110182184
52.52807174417547,-34.581121927275014,-3.5768061988133386
52.78183220876397,-34.58125402127945,-3.575118335722762
53.03650783269703,-34.581328310775255,-3.5733941974280916
53.29209572481808,-34.581340970661735,-3.5716325523275443
53.54859281057774,-34.581288150093044,-3.5698321616552864
53.80599583255418,-34.581165972939594,-3.5679917796392493
54.06430134600509,-34.58097053872714,-3.566110153800961
54.32350572475059,-34.58069792261855,-3.564186024973607
54.58360515634794,-34.580344176414336,-3.562218127621614
54.84459564340043,-34.57990532898837,-3.5602051899945386
55.106473004473415,-34.57937738677404,-3.558145934296705
55.369232870680214,-34.5787563346682,-3.5560390769809933
55.6328706916473,-34.57803813606952,-3.5538833287883236
55.897381728086636,-34.57721873418366,-3.551677395161505
56.162761056768794,-34.57629405217859,-3.5494199763212535
56.42900356983342,-34.57525999388473,-3.547109767503529
56.696103971588315,-34.574112444740344,-3.544745459270305
56.964056783709566,-34.57284727196539,-3.542325737593889
57.23285634032717,-34.57146032569307,-3.5398492842243336
57.50249679047545,-34.569947439424645,-3.537314776858648
57.772972099117844,-34.568304430631834,-3.5347208893543365
58.044276043398355,-34.56652710181529,-3.532066292078307
58.316402218371465,-34.56461124069297,-3.52934965200064
58.589344031641225,-34.562552621434385,-3.526569633097153
58.86309470626927,-34.56034700513582,-3.5237248965297434
59.13764728216727,-34.55799014045106,-3.5208141008734164
59.41299461213704,-34.55547776473105,-3.5178359024940464
59.68912936722181,-34.55280560431038,-3.5147889556763725
59.966044032622996,-34.54996937568353,-3.511671913014494
60.24373091043197,-34.546964786059185,-3.50848342562072
60.522182118646576,-34.543787534272504,-3.505222143440576
60.801389593897206,-34.540433311365774,-3.50188671547144
61.081345086992535,-34.53689780184573,-3.498475790180997
61.36204016942909,-34.533176683937796,-3.4949880156321593
61.64346622842993,-34.52926563091493,-3.491422039924482
61.92561446974199,-34.525160311718615,-3.487776511428956
62.20847592048009,-34.520856391590044,-3.484050079026661
62.49204142304589,-34.516349533536,-3.4802413925934577
62.77630164367613,-34.51163539845528,-3.476349103092803
63.0612470660054,-34.50670964666149,-3.472371863078976
63.34686799597004,-34.50156793836875,-3.4683083268974304
63.63315456164833,-34.496205934658335,-3.464157151026906
63.92009671186296,-34.49061929856888,-3.459916994458901
64.20768421978366,-34.48480369573769,-3.455586518946573
64.4959066806132,-34.47875479559813,-3.4511643894174555
64.78475351504096,-34.4724682720567,-3.446649274234848
65.07421396902446,-34.465939804520154,-3.442039845562504
65.36427711295585,-34.459165078988136,-3.4373347797495675
65.65493184522381,-34.45213978875333,-3.4325327576015514
65.94616689137322,-34.444859635517076,-3.427632464773672
66.23797080407611,-34.43732033043921,-3.4226325921460012
66.53033196841501,-34.42951759471288,-3.4175318360604305
66.82323859577444,-34.42144716119234,-3.4123288988663996
67.11667873159567,-34.413104774760164,-3.407022489099076
67.41064025336671,-34.40448619360042,-3.4016113219229505
67.70511086987825,-34.395587190363216,-3.396094119544572
68.00007812720419,-34.38640355272489,-3.3904696114495914
68.29552940357229,-34.37693108497258,-3.384736534939534
68.59145191668193,-34.367165608460375,-3.3788936353400847
68.88783272098462,-34.35710296299242,-3.3729396664803306
69.18465871003333,-34.346739007750244,-3.366873391039944
69.48191661744757,-34.336069622355474,-3.3606935809363616
69.77959301776596,-34.32509070795052,-3.3543990177179395
70.07767432997835,-34.313798188044444,-3.3479884928891095
70.37614681688333,-34.30218800974654,-3.3414608083491246
70.67499658604416,-34.29025614486103,-3.3348147767909135
70.97420959242488,-34.277998590836674,-3.3280492220581386
71.27377163970908,-34.26541137184365,-3.3211629795398085
71.57366838149832,-34.25249053986841,-3.314154896570459
71.87388532313763,-34.239232175758026,-3.3070238328160766
72.17440782327283,-34.22563239029547,-3.2997686606693657
72.47522109329117,-34.21168732547189,-3.2923882657026518
72.776310203987,-34.19739315511144,-3.2848815469327817
73.07766008140608,-34.182746086481565,-3.277247417372647
73.3792555135888,-34.16774236092164,-3.2694848042977096
73.68108114798495,-34.152378255320805,-3.26159264975934
73.98312149589019,-34.13665008296503,-3.253569910915127
74.28536093505754,-34.12055419455537,-3.245415560408833
74.5877837067684,-34.104086979728606,-3.2371285868962736
74.89037392609521,-34.08724486739318,-3.2287079952273707
75.19311557290466,-34.07002432780461,-3.2201528071326386
75.4959925039183,-34.052421872745214,-3.211462061360036
75.7989884495732,-34.03443405707933,-3.2026348142100467
76.10208701501499,-34.01605747993545,-3.193670139962676
76.40527168577466,-33.99728878547064,-3.1845671311830914
76.70852583000803,-33.97812466394822,-3.1753248991174763
77.01183269218079,-33.958561853581465,-3.1659425743105167
77.31517540976189,-33.93859714031474,-3.156419306625411
77.61853700203498,-33.91822736010997,-3.1467542659880148
77.92190037944043,-33.89744939938762,-3.136946642597015
78.22524834510743,-33.87626019617199,-3.1269956473368343
78.52856359320445,-33.85465674151898,-3.1169005122716658
78.83182871760008,-33.83263608002097,-3.106660490872074
79.13502620801249,-33.81019531143113,-3.096274858564069
79.43813845728818,-33.787331591289764,-3.085742912989274
79.74114776037804,-33.764042132292495,-3.0750639744781876
80.04403631817301,-33.74032420522076,-3.0642373863962984
80.34678624049593,-33.716175139946294,-3.0532625155104163
80.64937954757919,-33.69159232656792,-3.042138752392019
80.9517981733405,-33.66657321638419,-3.030865511772177
81.25402396772535,-33.64111532294611,-3.0194422329182706
81.55603869798203,-33.61521622320011,-3.0078683800354358
81.85782405548092,-33.58887355813402,-2.996143442523483
82.1593616505595,-33.56208503448276,-2.98426693553745
82.46063302655621,-33.534848424722526,-2.972238400054162
82.76161964983541,-33.50716156919454,-2.960057403549688
83.06230292255381,-33.479022376199026,-2.947723540091754
83.3626641795184,-33.45042882349887,-2.9352364308353476
83.66268469496512,-33.42137895893376,-2.9225957242611513
83.96234568212103,-33.391870901668206,-2.909801096594059
84.26162829751243,-33.36190284300952,-2.896852252096437
84.56051364309572,-33.33147304741091,-2.883748923412494
84.8589827713588,-33.30057985320359,-2.8704908718327538
85.15701668601355,-33.26922167370996,-2.8570778876657097
85.45459634476919,-33.237396998161934,-2.8435097905514986
85.75170266303026,-33.20510439252742,-2.829786429747006
86.04831651835701,-33.17234250026033,-2.815907684386563
86.3444187488411,-33.13911004357554,-2.801873463890752
86.63999016386902,-33.105405823619925,-2.787683708056566
86.93501153925722,-33.07122872201124,-2.773338387536415
87.22946362357116,-33.03657770137534,-2.7588375040282225
87.52332714194638,-33.001451806092966,-2.7441810905225985
87.81658279857211,-32.96585016315145,-2.729369211577188
88.10921128099618,-32.929771982822544,-2.7144019635385015
88.40119325784299,-32.893216559903955,-2.699279474922041
88.69250939122743,-32.85618327365485,-2.684001906416441
88.98314032866278,-32.81867158951934,-2.6685694513948786
89.27306671896108,-32.780681058725506,-2.652982335817342
89.56226920204372,-32.74221132016147,-2.637240818778955
89.85072842564193,-32.703262099872546,-2.6213451923771345
90.13842503419944,-32.66383321298242,-2.6052957822659866
90.42533968410007,-32.62392456328518,-2.5890929475442475
90.7114530423748,-32.58353614427299,-2.5727370810480346
90.99674578719036,-32.54266803998569,-2.556228609589822
91.28119861635085,-32.50132042514069,-2.5395679939890496
91.56479224494636,-32.459493566194595,-2.5227557293640213
91.8475074118924,-32.417187821605786,-2.5057923451931843
92.12932488922984,-32.37440364184006,-2.488678405299194
92.41022546690881,-32.331141571494825,-2.471414508431389
92.69018997871493,-32.28740224780652,-2.4540012878177246
92.96919928751001,-32.24318640269607,-2.436439411716237
93.24723430042884,-32.19849486217204,-2.418729583213649
93.52427596805222,-32.15332854711538,-2.400872540411112
93.80030527927585,-32.1076884744113,-2.3828690567049886
94.07530328323524,-32.061575755702776,-2.364719940389329
94.34925107248789,-32.014991599499275,-2.3464260352041366
94.62212979870137,-31.96793731042425,-2.327988220070243
94.8939206781722,-31.92041428933229,-2.309407409065058
95.16460497783471,-31.872424035094035,-2.290684551866417
95.4341640388795,-31.823968143083317,-2.2718206332599964
95.70257926822286,-31.77504830644167,-2.2528166734263877
95.96983214536877,-31.725666315974273,-2.233673727837846
96.23590422481921,-31.6758240604088,-2.2143928872528496
96.50077713726085,-31.625523526733183,-2.1949752777286347
96.76443259700542,-31.57476679996481,-2.175422060468763
97.02685240176991,-31.52355606355852,-2.1557344318462075
97.28801843734144,-31.47189359936282,-2.1359136232946647
97.5479126820712,-31.41978178756472,-2.1159609011919778
97.80651720185195,-31.367223107429663,-2.0958775669631
98.06381416822182,-31.314220136010633,-2.07566495660679
98.31978584395047,-31.260775549647487,-2.0553244410023375
98.57441460388425,-31.206892122381735,-2.0348574253447556
98.82768291954086,-31.152572727483104,-2.014265349449497
99.07957338024958,-31.097820335781737,-1.9935496871555958
99.33006867968349,-31.042638016968098,-1.9727119465569491
99.5791516315753,-30.987028938336007,-1.951753669511881
99.82680516605109,-30.930996365175414,-1.930676431610241
100.07301233530455,-30.874543660325713,-1.9094818419007866
100.31775631139668,-30.8176742843786,-1.8881715427960226
100.5610203974352,-30.760391794695753,-1.8667472096403062
100.80278802331465,-30.7026998457302,-1.845210550638107
101.04304275160486,-30.644602188438718,-1.8235633065236079
101.28176828232736,-30.586102669761626,-1.8018072502442117
101.51894844766467,-30.527205232937845,-1.7799441868732195
101.75456722765304,-30.467913915980134,-1.757975953003776
101.98860873647165,-30.40823285265409,-1.7359044168374218
102.22105724302784,-30.34816627046878,-1.7137314774341816
102.45189715949455,-30.287718491400025,-1.691459064720035
102.68111305053816,-30.226893930796233,-1.6690891389837335
102.90868963182764,-30.165697097176604,-1.6466236906177354
103.13461177797048,-30.104132591186637,-1.6240647396199042
103.35886452203636,-30.04220510524668,-1.6014143352836672
103.58143305720695,-29.979919422984338,-1.578674555823953
103.80230273901353,-29.917280418584017,-1.5558475079759118
104.02145908861726,-29.854293056015095,-1.532935326555666
104.2388877969872,-29.79096238815202,-1.509940173986716
104.45457472391077,-29.72729355630625,-1.4868642399366971
104.66850590224176,-29.663291789275636,-1.4637097408163005
104.880667538217,-29.59896240269996,-1.4404789193591254
105.09104601890009,-29.53431079777325,-1.417174044019147
105.29962790150492,-29.46934246147877,-1.3937974087867002
105.50639993274648,-29.40406296421456,-1.3703513322778953
105.71134904291065,-29.338477959561565,-1.3468381574126898
105.91446233690138,-29.27259318427378,-1.323260251152041
106.11572711893007,-29.206414455352665,-1.2996200034247658
106.3151308725486,-29.13994767092377,-1.2759198271014176
106.51266127574374,-29.073198808070575,-1.25216215712521
106.70830619959048,-29.006173922051442,-1.2283494500207477
106.90205370998969,-28.938879145220124,-1.204484183318069
107.09389206137195,-28.871320686602548,-1.180568855155122
107.2838097156901,-28.80350482927738,-1.1566059832715585
107.47179532726567,-28.735437930654385,-1.132598104797663
107.65783775121187,-28.66712642069905,-1.1085477754759714
107.8419260503914,-28.59857680025646,-1.0844575689067821
108.02404948056792,-28.529795641211905,-1.0603300762968486
108.20419751340194,-28.460789583380812,-1.0361679053066797
108.38235981788652,-28.39156533493133,-1.0119736798655763
108.55852627918121,-28.32212966957371,-0.9877500390973318
108.73268697788671,-28.252489427109378,-0.9634996371657857
108.90483222447486,-28.182651509230563,-0.9392251418157085
109.07495251491494,-28.112622882038515,-0.9149292347535873
109.2430385810148,-28.042410570424796,-0.8906146097984062
109.40908135220856,-27.97202166001041,-0.8662839730986285
109.57307197723702,-27.901463293926536,-0.8419400419382213
109.73500182349918,-27.830742671485137,-0.8175855440567833
109.89486246219685,-27.759867048036355,-0.793223217294
110.05264569774178,-27.688843731014806,-0.7688558081917798
110.20834353739448,-27.617680081076212,-0.744486071984769
110.3619482114494,-27.54638350888138,-0.7201167714040891
110.51345217703755,-27.474961473262965,-0.6957506758558447
110.66284809229349,-27.4034214819003,-0.6713905612841851
110.81012885212978,-27.331771086701362,-0.6470392085926777
110.95528756702335,-27.260017884041257,-0.6226994033860269
111.0983175618697,-27.188169513257314,-0.5983739352395575
111.23921238958637,-27.116233653863098,-0.5740655966200899
111.37796582420611,-27.044218024497553,-0.5497771822780386
111.51457185296218,-26.972130381937397,-0.5255114886584612
111.64902470265788,-26.89997851715947,-0.5012713125114072
111.78131879888909,-26.827770257126666,-0.47705945105581726
111.91144881247371,-26.755513459094548,-0.4528787001179961
112.03940961793434,-26.683216012425717,-0.42873185430364213
112.16519632376352,-26.610885834242968,-0.40462170550515075
112.28880425506013,-26.538530869143084,-0.380551042507584
112.41022896510746,-26.466159086416894,-0.35652264992299415
112.52946622168379,-26.393778479415793,-0.332539307706507
112.64651201538766,-26.321397063018857,-0.3086037901623047
112.76136256602767,-26.249022871253054,-0.2847188649920829
112.87401430846595,-26.176663956657308,-0.2608872928165828
112.98446389732953,-26.10432838801765,-0.23711182626163776
113.09270821483007,-26.03202424782548,-0.21339520897149453
113.19874435298989,-25.959759631913876,-0.18974017521184025
113.30256963492789,-25.887542645739682,-0.16614944857374717
113.40418159604432,-25.81538140408857,-0.14262574160050323
113.50357798975912,-25.743284028667205,-0.11917175485142961
113.600756793206,-25.671258645691225,-0.09579017596732653
113.69571619553244,-25.5993133849541,-0.07248367913725934
113.78845460255691,-25.52745637748717,-0.04925492419218523
113.87897064201367,-25.45569575316315,-0.026106555686795048
113.96726314982746,-25.384039639918022,-0.0030412024193776166
114.05333118094948,-25.312496160863297,0.01993852360802058
114.13717399996354,-25.24107343312685,0.042830027762900125
114.21879108647597,-25.169779565422946,0.0656307336901091
114.29818213005551,-25.09862265651456,0.088338083976609
114.37534703617166,-25.027610792730364,0.11094954106348827
114.45028590749585,-24.956752047591962,0.13346258758926605
114.52299907215081,-24.886054477414277,0.1558747278014267
114.59348704790828,-24.81552612239902,0.1781834874994596
114.661750575405,-24.745175001807826,0.20038641554725206
114.72779058384876,-24.67500911492885,0.222481083839295
114.79160821785246,-24.605036436799278,0.24446508865375854
114.85320482765813,-24.535264917072734,0.2663360511658191
114.91258194389539,-24.4657024802177,0.2880916175990017
114.96974132604474,-24.39635701939097,0.30972946104903204
115.02468490467257,-24.327236399439297,0.33124728088186395
115.07741482887829,-24.258348450868407,0.35264280451607855
115.12793343336425,-24.18970097072399,0.37391378737073566
115.17624324203138,-24.121301720341293,0.3950580136321984
115.22234698696273,-24.053158421778548,0.4160732973634808
115.26624757511213,-23.985278758755676,0.4369574824158423
115.30794811132903,-23.917670372757208,0.45770844360840174
115.34745189363869,-23.850340861530388,0.4783240872702968
115.38476239309176,-23.783297778922893,0.49880235142055634
115.41988327889528,-23.71654863083362,0.5191412069643265
115.45281839317994,-23.650100875511153,0.5393386577374816
115.4835717666405,-23.583961920345224,0.5593927414649199
115.51214760961535,-23.518139120786255,0.5793015301524362
115.5385503075565,-23.452639778901258,0.5990631305651223
115.56278442119442,-23.387471141539628,0.6186756847998166
115.58485468950605,-23.32264039827199,0.6381373709092382
115.60476602826004,-23.25815467972552,0.6574464034141898
115.62252351191393,-23.194021057373845,0.6766010334252578
115.63813239975813,-23.130246539524155,0.6955995497516789
115.65159810647825,-23.066838072120344,0.7144402787425672
115.66292621978745,-23.003802535500533,0.7331215851756767
115.67212248321442,-22.941146744183378,0.7516418723470691
115.67919281932735,-22.878877443177974,0.7699995830595191
115.68414328680383,-22.817001310035092,0.7881931991042871
115.68698012556507,-22.755524949302664,0.8062212427129182
115.68770971571459,-22.694454894458072,0.8240822760545706
115.68633860007823,-22.633797604360534,0.841774902148543
115.68287347477032,-22.573559462491104,0.8592977650444968
115.67732118008512,-22.513746776189986,0.8766495499932582
115.66968871296395,-22.454365774046813,0.8938289840883661
115.65998320911343,-22.395422605945566,0.9108348362100259
115.64821195888852,-22.336923340205978,0.9276659177124238
115.6343823847256,-22.278873964085737,0.9443210822315505
115.61850206044228,-22.2212803806749,0.9607992264173366
115.60057869460307,-22.16414840893454,0.9770992898443014
115.58062012452841,-22.107483782840998,0.993220255142678
115.55863434178616,-22.051292147817186,1.0091611488225605
115.53462945249684,-21.99557906285909,1.0249210406191076
115.5086137062554,-21.940349996724493,1.040499044358581
115.48059547764932,-21.88561032827099,1.055894317747815
115.45058326400924,-21.831365345413033,1.071106062508758
115.41858569622013,-21.77762024296801,1.0861335247906514
115.38461152431911,-21.724380122727766,1.1009759950014784
115.34866962736791,-21.671649991444056,1.1156328081660416
115.31076898417137,-21.61943476226168,1.1301033433895629
115.27091871577781,-21.567739249915913,1.1443870249122625
115.22912804346237,-21.516568173335397,1.1584833212586274
115.18540630607377,-21.4659261530977,1.1723917456939421
115.13976295934421,-21.415817710486305,1.1861118562641535
115.09220755662352,-21.366247268206713,1.1996432554020644
115.04274977858715,-21.31721914684774,1.212985590612564
114.99139938920965,-21.2687375678283,1.2261385534940097
114.93816627600617,-21.22080664900023,1.2391018806236354
114.88306042213445,-21.17343040624578,1.2518753529088333
114.82609190085147,-21.126612753157573,1.2644587954163413
114.76727091412627,-21.08035749686923,1.276852078175119
114.70660771450193,-21.034668344169535,1.2890551143553741
114.644112696843,-20.989548892735847,1.3010678622197835
114.57979632177978,-20.945002637171985,1.3128903233120932
114.51366914141305,-20.90103296611028,1.3245225429003118
114.4457418116745,-20.857643160506658,1.3359646101132268
114.37602507203908,-20.814836394841347,1.34721665733389
114.30452972748941,-20.77261573816607,1.35827885962238
114.23126670919562,-20.730984148239163,1.3691514358814847
114.15624698328584,-20.68994447908462,1.3798346466241171
114.0794816349056,-20.64949947313598,1.39032879562292
114.00098180687877,-20.609651766227163,1.40063422831655
113.9207587284369,-20.57040388467901,1.4107513321984828
113.83882370125941,-20.531758246181937,1.4206805362454182
113.75518809752349,-20.493717159655304,1.4304223105960578
113.66986337845498,-20.45628282332062,1.4399771666740973
113.58286105199362,-20.419457328200192,1.4493456559419444
113.49419271281685,-20.38324265436027,1.4585283704689687
113.40387002052982,-20.347640672654183,1.467525942117198
113.31190468773814,-20.312653145634293,1.4763390419278855
113.21830852181536,-20.27828172372359,1.4849683806913436
113.12309335380361,-20.244527951442233,1.49341470699622
113.02627110614361,-20.21139326134366,1.501678808344289
112.92785374876723,-20.17887897788774,1.5097615097822081
112.82785331377444,-20.146986316149604,1.517663673815115
112.72628188696565,-20.115716382614856,1.525386199796768
112.62315161975691,-20.08507017418998,1.532930023760524
112.51847469132387,-20.055048581685263,1.5402961171324232
112.4122633748708,-20.025652384038708,1.5474854877440964
112.30452995490937,-19.99688225585922,1.5544991775336028
112.19528679474479,-19.968738761605763,1.5613382635583941
112.0845462881271,-19.94122236012782,1.5680038564378453
111.97232087854324,-19.914333403205134,1.5744971002778054
111.85862307508481,-19.88807213440687,1.58081917251587
111.74346540189622,-19.86243869393458,1.5869712822824908
111.6268604452557,-19.83743311475698,1.5929546709115536
111.50882082903068,-19.813055325176705,1.5987706108626036
111.38935921857123,-19.78930514888513,1.60442040525981
111.26848831677461,-19.76618230574613,1.6099053872498517
111.14622087009623,-19.743686411713046,1.6152269195721867
111.02256965592811,-19.721816980447855,1.6203863937090992
110.89754748865823,-19.700573423290848,1.625385229440056
110.77116722060804,-19.679955049712845,1.6302248742773537
110.64344173728733,-19.65996106830574,1.6349068027690765
110.51438396166238,-19.640590586986054,1.6394325159947265
110.38400683121264,-19.621842615683853,1.6438035404510278
110.2523233366568,-19.603716063487294,1.6480214282958374
110.1193464795851,-19.586209743129295,1.6520877557968268
109.98508929923929,-19.56932236926144,1.6560041232978409
109.84956486427772,-19.553052559904934,1.6597721544116026
109.71278626103525,-19.537398838250507,1.6633934951271656
109.57476661279166,-19.52235963167056,1.6668698135984026
109.43551904485614,-19.507933275666495,1.6702027987314314
109.29505674279507,-19.494118009385275,1.6733941608258949
109.1533928759402,-19.480911983380924,1.6764456292408245
109.01054065979196,-19.468313254800176,1.6793589531157607
108.86651332268497,-19.456319791265553,1.6821358999853593
108.72132411409771,-19.444929471006084,1.6847782553047048
108.5749862928209,-19.43414008483986,1.687287821528501
108.4275131583184,-19.423949334233566,1.6896664181434322
108.27891799663429,-19.414354837173246,1.6919158798136582
108.12921414250238,-19.405354123457975,1.6940380570849982
107.97841490765057,-19.396944642217743,1.6960348141415489
107.82653367023049,-19.3891237547326,1.6979080301112144
107.67358375789651,-19.381888746128176,1.6996595958256413
107.5195785748445,-19.375236814783193,1.7012914159496362
107.36453149209224,-19.36916508339681,1.7028054059061868
107.20845590737223,-19.363670594572195,1.7042034925238323
107.05136524017811,-19.35875031232288,1.7054876132691832
106.89327289760197,-19.354401126291126,1.7066597148315141
106.73419231816692,-19.35061984881812,1.707721753425612
106.57413692716607,-19.347403220150547,1.7086756931512608
106.41312017984747,-19.34474790558841,1.7095235062855223
106.2511555186053,-19.342650500549727,1.7102671716879287
106.0882564061937,-19.341107528656025,1.710908674877193
105.9244363034316,-19.340115444932383,1.7114500068935745
105.7597086802075,-19.33967063595455,1.7118931638940587
105.59408700550327,-19.339769421938936,1.7122401462906056
105.4275847601201,-19.34040805674386,1.712492958391351
105.2602154203369,-19.3415827305652,1.7126536074071186
105.0919924677494,-19.34328957022293,1.712724103035949
104.92292938342146,-19.34552464090308,1.7127064567086836
104.75303966461887,-19.34828394580876,1.7126026813370652
104.58233677214879,-19.351563432266687,1.7124147895376407
104.41083422170126,-19.355358984465266,1.7121447950277653
104.2385454659335,-19.359666435628178,1.7117947094314923
104.06548401862592,-19.364481557711386,1.7113665444025492
103.89166332660857,-19.369800074543935,1.7108623082204815
103.71709691208689,-19.375617649817652,1.7102840083255493
103.54179820857279,-19.381929903607315,1.7096336471377573
103.3657807202823,-19.388732398769,1.7089132249735497
103.18905789106817,-19.39602065439674,1.708124736607048
103.01164320724226,-19.40379013748004,1.7072701729598094
102.83355011383102,-19.412036271966823,1.7063515187125144
102.65479206453445,-19.420754435356336,1.7053707528478357
102.47538251196585,-19.429939960850298,1.7043298478997237
102.2953348985396,-19.43958813945449,1.703230769221221
102.11466263946245,-19.44969422283475,1.7020754740825874
101.93337918035807,-19.460253419152014,1.7008659124194316
101.75149793285455,-19.471260900344724,1.6996040249153384
101.56903228844047,-19.48271180209432,1.6982917427976676
101.38599568266817,-19.49460121900958,1.6969309887581157
101.20240145777385,-19.506924218803363,1.6955236734560664
101.01826302741357,-19.519675828026205,1.6940716986483488
100.83359374501747,-19.532851045679045,1.692576953847428
100.6484069651896,-19.546444838676646,1.6910413172004506
100.46271604707302,-19.560452142737287,1.6894666551191784
100.27653429964658,-19.574867868779823,1.6878548206396997
100.08987505806134,-19.589686896925386,1.6862076546617655
99.90275163226414,-19.604904082547783,1.6845269844086799
99.71517729704799,-19.620514258438494,1.6828146227918779
99.52716534671669,-19.63651223081932,1.6810723692058904
99.33872903325549,-19.652892786388744,1.6793020077847853
99.14988161813079,-19.66965068859412,1.67750530815062
98.96063631792687,-19.686780683970667,1.6756840238508135
98.77100635214144,-19.704277498776072,1.6738398930369485
98.58100494033836,-19.722135840399616,1.6719746380547138
98.39064522849192,-19.740350405546852,1.6700899634833732
98.19994041149003,-19.758915869713032,1.6681875584792818
98.00890362699123,-19.77782689841544,1.666269094137676
97.81754800416171,-19.79707814368951,1.6643362242374864
97.62588664036006,-19.816664247432165,1.6623905844271532
97.43393263904235,-19.83657983888016,1.6604337927599468
97.24169906864634,-19.856819539630482,1.65846744851357
97.0491989688754,-19.877377964140177,1.656493132048805
96.85644537739225,-19.898249718240503,1.6545124051294644
96.66345129882475,-19.919429403167182,1.6525268099927788
96.470229716526,-19.940911615494255,1.6505378693596704
96.27679358824342,-19.96269094859455,1.6485470861054292
96.08315586605559,-19.98476199174846,1.6465559434725914
95.88932945561481,-20.007119335084834,1.6445659039664533
95.69532726312012,-20.029757566071087,1.6425784101753194
95.50116212988297,-20.052671276817986,1.6405948831462585
95.30684693418289,-20.075855055239817,1.6386167244249537
95.11239447912038,-20.099303496829535,1.6366453134378531
94.9178175543706,-20.12301119968463,1.6346820086670837
94.7231289290695,-20.146972766129505,1.632728147343205
94.5283413474863,-20.171182804062937,1.6307850452066541
94.33346753127671,-20.19563592765717,1.6288539964220523
94.13852015009739,-20.220326761121893,1.6269362728084553
93.94351187305419,-20.24524993461472,1.6250331248440388
93.74845533105113,-20.270400088760034,1.6231457807416647
93.55336312292117,-20.295771874930104,1.6212754464825423
93.35824781444663,-20.321359956198503,1.619423305705351
93.1631219672102,-20.34715900536426,1.6175905202588015
92.96799807240072,-20.37316371222175,1.615778228688143
92.77288862586876,-20.399368777075082,1.613987547807315
92.57780606470206,-20.425768917706073,1.6122195712677827
92.3827628312348,-20.452358863916995,1.6104753709099993
92.18777128330848,-20.479133367059802,1.6087559947739605
91.99284379928925,-20.506087190545696,1.6070624693586781
91.79799268409064,-20.533215119755056,1.6053957975628113
91.60323024108226,-20.560511955744182,1.6037569602390134
91.40856870639776,-20.587972522383286,1.6021469147649574
91.21402032601388,-20.61559165950593,1.6005665967294078
91.0195972568632,-20.643364233284075,1.5990169177969578
90.82531166640412,-20.671285127145705,1.5974987678958548
90.63117567298742,-20.699349248258777,1.5960130139591142
90.43720132733479,-20.727551530018943,1.594560499555279
90.2434007169836,-20.755886922391827,1.5931420472124884
90.04978580528812,-20.784350408359025,1.591758454973569
89.85636858134953,-20.812936989784152,1.5904104997126656
89.66316096649749,-20.84164169718118,1.5890989351790483
89.47017485820989,-20.87045958596748,1.5878244930261722
89.27742211257649,-20.899385738740378,1.5865878825170807
89.08491453061957,-20.928415267179254,1.585389790316041
88.89266389244236,-20.957543309199547,1.5842308813286108
88.70068193972224,-20.986765031182166,1.583111798429448
88.5089803583444,-21.016075630197353,1.5820331621947636
88.31757080452107,-21.045470331907783,1.580995571586327
88.12646487894833,-21.07494439359932,1.5799996035143078
87.9356741766087,-21.104493099689844,1.5790458140511112
87.74521020441966,-21.134111770342482,1.5781347367795426
87.5550844432749,-21.16379575575753,1.5772668842762338
87.3653083659324,-21.193540434779536,1.5764427486545656
87.17589334179053,-21.223341224775037,1.5756627996493382
86.98685073349516,-21.253193572429893,1.5749274868666692
86.79819187111625,-21.28309295666273,1.574237239394882
86.6099279909069,-21.313034895106412,1.5735924646407013
86.42207033679217,-21.343014934342563,1.5729935507031616
86.23463009687917,-21.3730286565399,1.5724408651824122
86.04761835875294,-21.403071684275957,1.5719347543855295
85.86104625454774,-21.43313966634055,1.5714755466621586
85.6749248040787,-21.46322829368781,1.5710635492024723
85.48926499877867,-21.493333291357096,1.5706990500451485
85.30407777831671,-21.523450421073946,1.5703823177737273
85.11937405574224,-21.553575478980942,1.570113602267921
84.93516467804189,-21.583704299832753,1.5698931340586748
84.7514604305849,-21.613832756803106,1.5697211246324048
84.56827208766265,-21.643956756621805,1.5695977677437818
84.38561034561803,-21.67407224649103,1.5695232381890631
84.20348585064251,-21.704175211508918,1.5694976926260202
84.02190923152789,-21.734261671544587,1.5695212705121608
83.84089101754937,-21.764327689681767,1.5695940925549206
83.66044173700124,-21.794369362465098,1.5697162630740094
83.48057183616183,-21.824382828201777,1.569887868485674
83.30129171111594,-21.854364263913638,1.570108978223518
83.12261173573705,-21.884309882627267,1.5703796455863495
82.94454219336625,-21.914215940392502,1.5706999065018061
82.76709334711349,-21.944078729296717,1.5710697812883423
82.59027538858496,-21.973894582735376,1.5714892737946744
82.41409847001358,-22.00365987225474,1.5719583723408261
82.23857267676492,-22.033371010410896,1.572477049373592
82.06370806910283,-22.063024446600824,1.5730452626214262
81.88951460918064,-22.092616674524752,1.573662953768484
81.71600224582632,-22.122144223642835,1.5743300505388258
81.54318086302256,-22.15160366442092,1.5750464658431858
81.37106029400219,-22.180991606933276,1.575812098338868
81.19965028229282,-22.21030470485613,1.576626831842906
81.02896058904359,-22.239539644551133,1.5774905379110185
80.85900084647503,-22.268693159967683,1.5784030729349814
80.68978067644161,-22.29776202059061,1.5793642809569874
80.5213096478257,-22.326743035734122,1.5803739930169616
80.35359722917671,-22.35563305936582,1.5814320263875445
80.18665289260586,-22.38442897947665,1.5825381870776583
80.02048601910836,-22.413127727681662,1.5836922680560408
79.85510593094749,-22.441726275888165,1.584894050207143
79.6905219318924,-22.47022163211069,1.586143303464546
79.52674321042232,-22.49861085030768,1.5874397849848916
79.36377895285717,-22.526891018747435,1.5887832418470071
79.20163827132369,-22.555059267276278,1.5901734097660256
79.04033020068444,-22.583112767567766,1.5916100132845967
78.8798637447734,-22.61104872829154,1.5930927670304063
78.72024784544124,-22.6388643981732,1.5946213753125544
78.56149138244378,-22.6665570659044,1.5961955323781434
78.40360316781906,-22.694124060614662,1.5978149225489833
78.24659199794047,-22.721562746391662,1.5994792216039262
78.0904665349704,-22.748870534349077,1.6011880944817902
77.93523549031464,-22.776044863626776,1.6029411994887897
77.78090739442513,-22.80308322492976,1.604738183600239
77.62749084566359,-22.829983134781823,1.606578688068757
77.4749942599307,-22.856742161146585,1.6084623432932015
77.3234261261129,-22.88335789696165,1.6103887745647838
77.17279473119942,-22.909827988310862,1.612357596406631
77.02310845824097,-22.936150103534,1.6143684192298564
76.87437548145618,-22.962321964507083,1.6164208430286773
76.72660402697161,-22.988341319577152,1.6185144632266566
76.57980223903031,-23.014205957153898,1.6206488680555144
76.43397814285423,-23.039913709407372,1.6228236379924275
76.2891397887231,-23.065462437172865,1.625038349099068
76.14529510332346,-23.090850045124615,1.627292570070681
76.00245201630707,-23.116074468483948,1.629585865191717
75.86061832586358,-23.141133686743757,1.631917791684736
75.7198018434187,-23.166025708474645,1.6342879030511148
75.58001026184255,-23.19074858477127,1.6366957464757055
75.44125126186034,-23.21530039801269,1.6391408653397443
75.30353243042158,-23.239679270111694,1.6416227976985667
75.16686133134223,-23.263883354963305,1.644141078023518
75.03124542436461,-23.287910846635405,1.646695235688775
74.89669215002299,-23.311759970328723,1.6492847970129685
74.76320888322763,-23.3354289869597,1.6519092844862948
74.63080291219212,-23.358916195140107,1.6545682165328928
74.49948150339183,-23.38221992418022,1.6572611091193434
74.36925184645509,-23.40533853958304,1.6599874747876713
74.240121059187,-23.42827044229923,1.6627468229705968
74.11209624888947,-23.45101406208003,1.6655386615165282
73.98518439664707,-23.47356786931127,1.6683624944139657
73.85939247411163,-23.49593036259553,1.6712178244948477
73.73472738220535,-23.51810007488696,1.674104152325193
73.61119597125503,-23.540075571144058,1.6770209768338855
73.4888049892782,-23.56185545350053,1.679967794397752
73.36756119978392,-23.583438348688492,1.6829441015591105
73.24747125135261,-23.604822921416552,1.6859493924254996
73.12854173155101,-23.626007868504036,1.6889831600065686
73.01077924633086,-23.646991910282424,1.6920448981043523
72.89419021159726,-23.667773812190628,1.6951340970312436
72.77878112508819,-23.688352356033132,1.6982502496073135
72.66455832782118,-23.70872636470564,1.7013928462376038
72.55152814878429,-23.728894686789648,1.7045613781772355
72.43969684612075,-23.748856202448234,1.707755336447992
72.3290706242427,-23.768609821374554,1.7109742123726732
72.21965562615522,-23.788154483337337,1.7142174975774644
72.1114579253419,-23.807489158779326,1.7174846839810576
72.00448359266183,-23.8266128415079,1.7207752653887018
71.89873855119382,-23.845524563708622,1.7240887345459024
71.79422874968101,-23.86422337744563,1.7274245869995517
71.69096003964418,-23.88270836731068,1.7307823186286393
71.58893821378393,-23.900978646137016,1.7341614266117584
71.48816903405873,-23.919033351770334,1.7375614101761154
71.38865816085685,-23.93687165427592,1.740981769228522
71.29041126212488,-23.954492744168043,1.7444220068290275
71.19343388568414,-23.97189584560963,1.747881626604525
71.09773156542374,-23.98908020495926,1.7513601351508723
71.00330974866378,-24.006045098169267,1.7548570406175619
70.91017386412786,-24.022789823347132,1.758371854290222
70.81832923454273,-24.03931370972955,1.7619040888536832
70.72778118922666,-24.055616105524205,1.765453260920945
70.63853493210577,-24.071696391601055,1.7690188883408586
70.55059566527184,-24.087553968177893,1.7726004929532468
70.4639685180095,-24.103188262053933,1.776197599196048
70.37865855465283,-24.118598725532163,1.7798097343867618
70.29467080775294,-24.133784832647226,1.78343642954357
70.21201020688477,-24.14874608645687,1.787077217976706
70.13068169697131,-24.163482006246483,1.7907316379198037
70.05069010968576,-24.177992140896155,1.7943992298955143
69.97204024493944,-24.192276060004374,1.7980795385526023
69.89473683943916,-24.206333356964613,1.801772112097367
69.81878460116833,-24.220163645051045,1.8054765031271185
69.74418815176735,-24.233766563284934,1.8091922674980114
69.67095206963893,-24.247141771618544,1.8129189653348432
69.5990808705199,-24.260288952749736,1.8166561607080927
69.5285790499696,-24.273207807353746,1.8204034226282484
69.45945102061548,-24.28589806050448,1.8241603237959065
69.39170112331587,-24.29835946026084,1.8279264409202083
69.32533369335718,-24.310591770375655,1.8317013562105275
69.26035298350526,-24.32259477823181,1.8354846558188622
69.19676318368353,-24.334368292522228,1.839275930332933
69.13456846285007,-24.345912138546655,1.843074775742666
69.07377290738943,-24.357226164532438,1.8468807922017867
69.0143805653852,-24.36831023668894,1.8506935850385389
68.95639542016826,-24.379164241789876,1.8545127642609123
68.89982142595963,-24.38978808313852,1.8583379453806501
68.8446624435733,-24.40018168719504,1.862168748108621
68.79092235081222,-24.41034499156636,1.8660047987644421
68.7386048717569,-24.42027796299494,1.8698457267052533
68.68771377840817,-24.429980575618885,1.873691168668508
68.63825272805512,-24.439452828090257,1.8775407653726874
68.59022534804325,-24.448694734314184,1.8813941633696325
68.5436352065527,-24.45770632634161,1.8852510144754986
68.49848584241144,-24.466487650958708,1.8891109764539655
68.45478068877529,-24.475038777630445,1.892973711440847
68.41252319490124,-24.483359785263655,1.8968388885764227
68.37171671631872,-24.491450773723134,1.900706181717712
68.33236454374689,-24.499311860540075,1.9045752700916323
68.29446997047158,-24.50694317347921,1.9084458397672313
68.25803620009445,-24.51434486019133,1.912317581736033
68.22306635893787,-24.521517086692757,1.9161901922088436
68.18956361033787,-24.528460024903097,1.9200633750789537
68.15753094594707,-24.53517387479153,1.9239368375246488
68.12697142365364,-24.541658838689287,1.9278102950889973
68.09788795521084,-24.54791514382845,1.9316834672044718
68.07028348993822,-24.553943022454696,1.9355560811180685
68.04416083213904,-24.559742731195417,1.9394278680444152
68.01952279652032,-24.565314534204227,1.9432985664860567
67.99637214199824,-24.57065871004368,1.9471679208553332
67.97471156611927,-24.57577555208877,1.9510356813774732
67.9545437004297,-24.580665368832396,1.9549016040119762
67.93587114936881,-24.585328479512693,1.958765451296748
67.91869645419912,-24.58976521778631,1.9626269916016703
67.90302211922786,-24.593975928718603,1.966485999700931
67.8888505757806,-24.59796097246125,1.970342256024276
67.87618421355735,-24.60172072069555,1.9741955473349033
67.86502538246427,-24.605255556239836,1.9780456667816246
67.85537636688825,-24.608565875624823,1.9818924133650238
67.84723941698108,-24.611652085542094,1.9857355926105327
67.84061667767044,-24.614514610296567,1.9895750150721812
67.83551034966682,-24.61715387429534,1.9934104997529851
67.83192247981326,-24.61957032440823,1.9972418696712462
67.82985508806493,-24.621764416141698,2.0010689545528746
67.82931020837643,-24.623736609035692,2.004891591704982
67.83028969751138,-24.625487387067945,2.008709621969048
67.83279552117234,-24.62701722766757,2.0125228957830226
67.83682943329255,-24.62832663605829,2.0163312663932764
67.84239326483764,-24.62941611398837,2.0201345959681576
67.8494886950069,-24.630286184184087,2.0239327507557663
67.85811744622258,-24.630937369168425,2.027725605209944
67.86828109970385,-24.631370210949594,2.031513038085568
67.87998124939486,-24.63158525426139,2.035294935692709
67.89321939390494,-24.631583058026358,2.0390711896074327
67.90799700986705,-24.631364187273586,2.0428416982195454
67.92431551412267,-24.63092921703373,2.0466063659285063
67.9421762557008,-24.630278733031314,2.0503651029677257
67.96158056768033,-24.629413325911074,2.0541178264961846
67.98252966904974,-24.628333601651693,2.05786445851533
68.00502477831255,-24.627040169135388,2.061604928264344
68.02906705940977,-24.62553364579732,2.065339171070148
68.05465758908241,-24.623814660978123,2.069067127648012
68.08179741514562,-24.621883849459703,2.072788745324771
68.1104875140688,-24.619741855867193,2.076503977132873
68.14072886214323,-24.61738932680308,2.080212783306285
68.17252227536439,-24.614826927969176,2.0839151278842323
68.20586865250591,-24.61205531773422,2.0876109838397774
68.24076869454224,-24.60907517726322,2.091300327138408
68.27722315459354,-24.605887183345875,2.0949831420087786
68.31523272410728,-24.602492020500176,2.0986594185283587
68.35479792526637,-24.59889039243886,2.1023291503354167
68.39591938935523,-24.59508299180072,2.1059923405004746
68.43859758289292,-24.5910705295633,2.1096489957289855
68.48283291431443,-24.58685372334781,2.1132991286007226
68.52862581871968,-24.582433288064834,2.1169427593497274
68.57597657348461,-24.577809955672333,2.12057991195637
68.62488548522492,-24.57298445477844,2.1242106180839913
68.67535271331232,-24.567957529545378,2.127834913338648
68.72737848027813,-24.562729916744157,2.1314528417012077
68.78096281359136,-24.557302373504637,2.1350644500610603
68.83610576710565,-24.551675653179082,2.138669792879295
68.89280734300233,-24.545850513588807,2.1422689305298586
68.95106743553929,-24.539827722928173,2.1458619280988134
69.0108859119296,-24.533608050824355,2.149448857079715
69.07226252329515,-24.527192277786824,2.1530297934812137
69.135197081914,-24.520581175821427,2.1566048215586835
69.19968920510257,-24.51377553596377,2.1601740283956627
69.2657385441272,-24.506776143305597,2.1637375087242967
69.33334460333941,-24.49958379637939,2.167295361096803
69.40250690853252,-24.49219928872949,2.1708476914284804
69.473224883744,-24.484623422048433,2.174394610387983
69.54549786600978,-24.476857004383202,2.177936233697882
69.6193251758418,-24.468900842295078,2.1814726836129634
69.69470604431406,-24.460755748549193,2.185004087372899
69.77163962591186,-24.45242254051806,2.18853057746431
69.8501250270116,-24.443902036884964,2.1920522922137873
69.93016132464167,-24.435195055393642,2.195569376177054
70.01174739732971,-24.42630243097094,2.199081976561712
70.0948822515495,-24.417224980128523,2.2025902501091656
70.1795646452617,-24.407963541539672,2.206094355146916
70.26579338621606,-24.39851894349257,2.20959445787567
70.35356716459452,-24.388892021799016,2.213090728835409
70.44288456805879,-24.37908361794255,2.2165833432180775
70.53374422330882,-24.36909456349691,2.2200724838515264
70.62614454961808,-24.358925706614105,2.2235583359984403
70.72008400255358,-24.34857788536793,2.2270410924950275
70.81556089286055,-24.33805194714903,2.2305209499310235
70.91257353023369,-24.327348732834405,2.233998111682086
71.01112004408165,-24.316469095980203,2.237472784130649
71.11119862245785,-24.30541387666191,2.2409451817069406
71.21280725323425,-24.294183929291055,2.244415521434087
71.31594393859899,-24.282780099100126,2.24788402745482
71.42060654248337,-24.271203238430115,2.251350927819589
71.5267929102421,-24.25945419348829,2.254816457016066
71.63450072161535,-24.247533820033336,2.258280852875733
71.74372769540523,-24.235442960902937,2.2617443608977124
71.85447135185186,-24.223182471518065,2.265207229248202
71.96672921588429,-24.210753197559097,2.2686697130556723
72.08049866591531,-24.198155991088285,2.2721320712349584
72.19577705933874,-24.18539169665011,2.275594569145721
72.31256162865365,-24.1724611622522,2.279057476416915
72.43084953108924,-24.159365233690018,2.2825210680079517
72.5506378085972,-24.1461047585923,2.2859856233817912
72.67192351690066,-24.132680572114126,2.2894514292436545
72.7947034676775,-24.119093524609912,2.2929187741255705
72.91897455007968,-24.105344446434312,2.29638795518398
73.0447334058233,-24.091434182885703,2.2998592713737005
73.17197674236658,-24.077363559901542,2.3033330300721677
73.300701026836,-24.063133416950706,2.306809540653607
73.43090271738585,-24.04874458159918,2.3102891193911006
73.56257820145099,-24.03419787587455,2.313772088183938
73.69572370232625,-24.019494126068995,2.3172587726180494
73.83033534280443,-24.004634155491786,2.320749503337768
73.96640927396577,-23.989618770139366,2.3242446187933283
74.1039413447617,-23.974448794207376,2.3277444583117677
74.24292752833485,-23.959125023459023,2.331249371116848
74.38336345245007,-23.94364827583012,2.334759706471545
74.52524493868874,-23.92801933253254,2.3382758250797138
74.66856737309593,-23.91223900599424,2.3417980858654097
74.81332633346237,-23.89630807139064,2.3453268592332646
74.95951709080153,-23.8802273203708,2.3488625166091954
75.10713488718798,-23.863997530509717,2.352405436340497
75.25617491191215,-23.84761946749682,2.355956003242344
75.40663206831398,-23.83109391004668,2.3595146037345263
75.55850136857013,-23.814421606633516,2.3630816342117216
75.71177754990724,-23.79760331673755,2.3666574930114863
75.86645530133649,-23.7806397858125,2.3702425852468254
76.02252918233964,-23.763531753684887,2.3738373211509716
76.17999363563956,-23.746279952734827,2.3774421164061486
76.33884298938929,-23.72888510721861,2.381057392251476
76.49907147540073,-23.71134793084381,2.384683575930887
76.66067311563033,-23.693669138640598,2.388321098367195
76.82364193175593,-23.675849423750684,2.3919703986453626
76.98797173889785,-23.65788947935518,2.395631919736792
77.15365622159344,-23.63978998995518,2.3993061101716786
77.32068900652334,-23.621551622996733,2.4029934256454624
77.48906349564479,-23.60317504650049,2.4066943255796676
77.65877306508331,-23.584660906976513,2.4104092773903614
77.82981083855744,-23.566009853522026,2.414138751795505
78.0021699467972,-23.54722250915076,2.4178832283628635
78.17584320363045,-23.528299505444096,2.421643188771129
78.35082349660239,-23.509241439622276,2.42541912512607
78.52710336113078,-23.490048920246466,2.429211531079029
78.70467537612122,-23.47072252373313,2.4330209102525338
78.8835318482154,-23.45126282808894,2.436847769682694
79.06366498569295,-23.43167039347994,2.4406926235785753
79.24506686398972,-23.411945765415652,2.444555992694306
79.42772937191819,-23.39208948002032,2.448438403296862
79.61164428498135,-23.37210205549886,2.4523403888134183
79.7968032000655,-23.351983998643785,2.456262488560926
79.98319757841095,-23.331735799579167,2.460205248758901
80.17081866235498,-23.311357940200214,2.4641692208853394
80.3596576582155,-23.290850873711513,2.468154965641542
80.54970547583432,-23.27021505228721,2.4721630475800227
80.74095296005271,-23.249450901317424,2.476194040097378
80.93339072978259,-23.228558836246524,2.4802485221634782
81.12700926073552,-23.207539252950863,2.4843270801855706